{
  "feature_names": [
    "avg_rating",
    "has_kiss",
    "has_hands",
    "latest_is_double",
    "latest_is_group",
    "latest_duration",
    "missing_ty_text",
    "rating_delta",
    "dates_so_far",
    "date_ratio"
  ],
  "coef": [
    -0.29925335451640106,
    -0.4624807771412999,
    0.6428498272837909,
    -0.14275050515622503,
    -0.7998306513209206,
    0.16468928618973358,
    -0.3794801665333332,
    0.09543754327330531,
    -0.4403574790350764,
    -0.5964044053467823
  ],
  "intercept": -0.11445878721522329,
  "mean": [
    6.583333333333333,
    0.19230769230769232,
    0.19230769230769232,
    0.5,
    0.11538461538461539,
    2.144230769230769,
    0.038461538461538464,
    -0.11538461538461539,
    1.4615384615384615,
    0.881868131868132
  ],
  "scale": [
    0.9328409873565311,
    0.39411349099844606,
    0.39411349099844595,
    0.5,
    0.3194855331891567,
    0.6974303002226381,
    0.1923076923076923,
    1.120677098794882,
    0.6923076923076924,
    0.21782994578238224
  ],
  "metrics": {
    "accuracy": 0.7307692307692307,
    "precision": 0.6923076923076923,
    "roc_auc": 0.8541666666666666
  },
  "heuristic_metrics": {
    "accuracy": 0.5769230769230769,
    "precision": 0.5384615384615384,
    "roc_auc": 0.6220238095238095
  },
  "calibration": {
    "n_bins": 5,
    "strategy": "uniform",
    "prob_true": [
      0.0,
      0.0,
      0.4166666666666667,
      0.8333333333333334,
      1.0
    ],
    "mean_predicted_value": [
      0.08836414477581717,
      0.2913243129972328,
      0.4916280351256496,
      0.6978095251086848,
      0.8559854468556682
    ]
  },
  "heuristic_calibration": {
    "n_bins": 5,
    "strategy": "uniform",
    "prob_true": [
      0.36363636363636365,
      0.42857142857142855,
      0.6,
      0.6666666666666666
    ],
    "mean_predicted_value": [
      0.3172727272727273,
      0.5114285714285715,
      0.776,
      0.8566666666666666
    ]
  }
}